{
  "params": {
    "a_p": 0.0016575068145480406,
    "b_p": 1.0373923942097463e-12,
    "c_p": 142.15956444311178,
    "a_d": 0.2517278510875284,
    "b_d": 359.5972607794794,
    "t_c": 20.273290123953743,
    "alpha": 0.9949999999999999
  },
  "train_metrics": {
    "mape": 12.80966249256922,
    "mae": 5.21099722177432,
    "rmse": 7.08341473872883,
    "r2": 0.9977155018398175
  },
  "test_metrics": {
    "mape": 12.738292503448648,
    "mae": 5.193821607240011,
    "rmse": 7.047748949996922,
    "r2": 0.9978586926026597
  },
  "approach": "Approach 1 (Grid search + Linear Regression)",
  "data_summary": {
    "total_records": 40345,
    "filtered_records": 39941,
    "train_size": 31952,
    "test_size": 7989,
    "unique_frequencies": 56,
    "freq_range": [
      510.0,
      1335.0
    ],
    "pure_prefill_batches": 9271,
    "pure_decode_batches": 27944,
    "mixed_batches": 3130,
    "prefill_lq_range": [
      32,
      4096
    ],
    "decode_lkv_range": [
      32,
      2126
    ],
    "batch_size_range": [
      1,
      48
    ]
  }
}