{
  "model_form": "T_pd(f, B) = (1/f)*(w_pf*I{has_prefill} + a_p*sum(l_q^2) + b_p*sum(l_q*l_kv) + c_p*sum(l_q)) + (1/f^alpha)*(w_dec*I{has_decode} + a_d*sum(l_kv_decode) + b_d*num_decode) + t_c",
  "params": {
    "a_p": 0.004791065541701025,
    "b_p": 0.0,
    "c_p": 136.50620923913607,
    "w_pf": 14999.985410892014,
    "w_dec": 14999.998752209698,
    "a_d": 0.19294172833774345,
    "b_d": 50.502340019606976,
    "alpha": 0.9735669988793928,
    "t_c": 4.652569884043852
  },
  "train_metrics": {
    "mape": 4.93007307019979,
    "mae": 2.2001265479702576,
    "rmse": 3.89210243380358,
    "r2": 0.9973109354203914
  },
  "test_metrics": {
    "mape": 4.900126671248289,
    "mae": 2.207858655503833,
    "rmse": 3.942338756806809,
    "r2": 0.9972704524496088
  },
  "per_type_full_dataset": {
    "prefill": {
      "count": 3639,
      "mape": 5.014895537476689,
      "mae": 7.121033923750799,
      "rmse": 12.972198266931198,
      "r2": 0.9991866082947009,
      "median_wt": 83.75634199910564,
      "spearman_rho": 0.9982
    },
    "mixed": {
      "count": 2608,
      "mape": 5.647327139987712,
      "mae": 7.356714697276201,
      "rmse": 9.954312376055368,
      "r2": 0.9970278699695597,
      "median_wt": 124.85710199871392,
      "spearman_rho": 0.9958
    },
    "decode": {
      "count": 94914,
      "mape": 4.79324446769241,
      "mae": 1.5012159388032509,
      "rmse": 2.1091409751489603,
      "r2": 0.9400792112965421,
      "median_wt": 28.833661999669857,
      "spearman_rho": 0.9741
    },
    "ALL": {
      "count": 101161,
      "mape": 4.823236617357707,
      "mae": 1.8543328357232258,
      "rmse": 3.575148717006153,
      "r2": 0.9988295042421189,
      "median_wt": 29.764933002297767,
      "spearman_rho": 0.9771
    }
  },
  "approach": "Route B+ (9-param, per-batch prefill/decode overhead + per-request terms + shared t_c)",
  "data_summary": {
    "total_records": 101161,
    "balanced_filtered": 34446,
    "train_size": 27556,
    "test_size": 6890,
    "unique_frequencies": 61,
    "freq_range": [
      510.0,
      1410.0
    ],
    "pure_prefill_batches": 3639,
    "pure_decode_batches": 94914,
    "mixed_batches": 2608,
    "prefill_lq_range": [
      32,
      4096
    ],
    "decode_lkv_range": [
      32,
      2846
    ],
    "batch_size_range": [
      1,
      64
    ]
  }
}
