{
  "params": {
    "a_p": 0.0021780390204767814,
    "b_p": 0.0,
    "c_p": 140.42626471416514,
    "a_d": 0.07933242261989075,
    "b_d": 202.26741536038918,
    "alpha": 0.99,
    "t_c": 21.14689564948015
  },
  "train_metrics": {
    "mape": 13.348475465137524,
    "mae": 5.747952101094728,
    "rmse": 8.640093809541856,
    "r2": 0.9867921801199414
  },
  "test_metrics": {
    "mape": 13.149355693719222,
    "mae": 5.67506662246391,
    "rmse": 8.60996163701303,
    "r2": 0.9868076497251731
  },
  "approach": "Approach 2 (Non-linear optimization)",
  "data_summary": {
    "total_records": 101161,
    "filtered_records": 34446,
    "train_size": 27556,
    "test_size": 6890,
    "unique_frequencies": 61,
    "freq_range": [
      510.0,
      1410.0
    ],
    "pure_prefill_batches": 3639,
    "pure_decode_batches": 94914,
    "mixed_batches": 2608,
    "prefill_lq_range": [
      32,
      4096
    ],
    "decode_lkv_range": [
      32,
      2846
    ],
    "batch_size_range": [
      1,
      64
    ]
  }
}